case,workers,binary,processes,cold_median_ms,cold_min_ms,cold_max_ms,warm_median_ms,warm_min_ms,warm_max_ms,peak_rss_kib
sum-bool,1,baseline,3,2.83335,2.83192,2.83594,2.69076,2.6902,2.69305,71536
sum-bool,1,current,3,1.79916,1.79709,1.84199,1.66108,1.65373,1.66337,71544
sum-bool,2,baseline,3,2.07753,1.98628,3.15277,1.72909,1.72507,1.8199,96168
sum-bool,2,current,3,1.22965,1.2199,1.23697,1.11733,1.1168,1.11867,81768
sum-bool,4,baseline,3,1.52658,1.36605,3.01569,1.40356,1.38879,2.06092,126480
sum-bool,4,current,3,0.843288,0.835005,1.60258,0.746813,0.737561,1.45928,102368
sum-bool,8,baseline,3,2.93636,2.46681,3.14004,2.69853,1.52285,3.17619,204332
sum-bool,8,current,3,1.42995,1.22393,1.89893,1.34152,1.05625,1.6938,143084
sum-bool,16,baseline,3,4.99402,4.96901,5.05019,5.36017,5.12237,5.54782,348292
sum-bool,16,current,3,1.00812,0.966243,1.08788,0.931488,0.829248,0.932313,225376
sum-bool,default,baseline,3,3.86655,3.86031,3.9799,5.04783,4.94339,6.30809,751496
sum-bool,default,current,3,0.819544,0.814174,0.851669,0.690762,0.635859,1.3219,348608
extrema-bool,1,baseline,3,3.08063,3.0591,3.38499,2.9302,2.92159,3.00428,71296
extrema-bool,1,current,3,2.79819,2.78839,2.81532,2.63529,2.6271,2.6378,71564
extrema-bool,2,baseline,3,2.34227,2.31135,2.35365,2.24353,2.23482,2.30016,104236
extrema-bool,2,current,3,1.92385,1.85872,1.96901,1.74101,1.73897,1.74737,81844
extrema-bool,4,baseline,3,2.0795,1.9702,2.2088,2.08405,2.07541,2.08842,169740
extrema-bool,4,current,3,1.85921,1.43135,2.44211,1.23019,1.19495,2.21647,102028
extrema-bool,8,baseline,3,3.09701,2.65669,3.30812,3.58912,3.10396,3.66316,301008
extrema-bool,8,current,3,1.81622,1.73401,1.90149,1.69251,1.55869,1.7085,143172
extrema-bool,16,baseline,3,3.68652,3.58706,3.9992,4.81531,4.3574,4.90209,528476
extrema-bool,16,current,3,1.20615,1.17122,1.20809,1.08633,1.07951,1.11627,225180
extrema-bool,default,baseline,3,4.02139,3.8287,4.50425,6.34921,5.97561,6.79987,792892
extrema-bool,default,current,3,0.970203,0.949237,1.02396,0.810086,0.806702,0.842029,348428
sum-u8,1,baseline,3,2.88239,2.87548,2.88809,2.69613,2.68973,2.70626,71268
sum-u8,1,current,3,1.85044,1.83228,1.85292,1.66316,1.65999,1.69268,71036
sum-u8,2,baseline,3,2.02129,2.01399,2.03129,1.73899,1.73827,1.74988,95744
sum-u8,2,current,3,1.23602,1.2335,1.26331,1.12061,1.11758,1.12207,81312
sum-u8,4,baseline,3,1.58465,1.36178,1.95676,1.48889,1.38318,2.18532,126744
sum-u8,4,current,3,0.870451,0.830095,1.6052,0.748793,0.732039,1.4241,102368
sum-u8,8,baseline,3,2.60801,1.8223,2.75059,1.82365,1.54046,2.86569,200612
sum-u8,8,current,3,1.19739,1.16395,1.46205,1.08641,1.08187,1.3361,143152
sum-u8,16,baseline,3,4.91355,4.38385,5.07152,5.37747,5.24612,5.7205,348012
sum-u8,16,current,3,0.963024,0.886763,1.04433,0.935513,0.883537,1.66147,225320
sum-u8,default,baseline,3,3.94658,3.88507,4.21088,5.28507,5.09874,5.53235,756260
sum-u8,default,current,3,0.774368,0.751213,0.810235,0.668861,0.653007,0.669512,348668
extrema-u8,1,baseline,3,3.09826,3.06159,3.18854,2.94985,2.94192,2.9799,71272
extrema-u8,1,current,3,2.93967,2.93334,2.96021,2.74444,2.73569,2.74883,71556
extrema-u8,2,baseline,3,2.47948,2.46855,2.60518,2.36403,2.34618,2.49923,104088
extrema-u8,2,current,3,2.02151,1.99639,2.03841,1.84861,1.84373,1.85452,81724
extrema-u8,4,baseline,3,2.09732,2.0629,4.07022,2.12473,2.10021,2.14384,169944
extrema-u8,4,current,3,2.34847,1.36925,2.54466,1.26618,1.24515,1.40005,101980
extrema-u8,8,baseline,3,3.34384,3.18051,3.35094,3.42577,3.32282,3.4938,301212
extrema-u8,8,current,3,1.99212,1.85723,2.05204,1.90936,1.90933,1.91385,143328
extrema-u8,16,baseline,3,3.92261,3.59942,5.3559,4.43837,4.21899,5.20729,514076
extrema-u8,16,current,3,1.19142,1.19044,1.2275,1.13535,1.08987,1.19192,224844
extrema-u8,default,baseline,3,4.15418,4.0497,5.94324,6.50651,6.26452,7.33045,794936
extrema-u8,default,current,3,1.05239,0.962581,1.05511,0.84166,0.839197,0.84603,348380
sum-i16,1,baseline,3,2.9085,2.89804,2.98459,2.81835,2.79032,2.82524,71516
sum-i16,1,current,3,1.84159,1.81643,1.86901,1.67137,1.67013,1.67269,71316
sum-i16,2,baseline,3,2.0668,2.01601,2.08756,1.76278,1.74372,1.77634,96148
sum-i16,2,current,3,1.22854,1.22382,1.28121,1.1182,1.11706,1.11878,81752
sum-i16,4,baseline,3,2.53799,1.54329,4.05409,2.23446,1.40416,2.30977,126772
sum-i16,4,current,3,1.5009,0.861798,1.61299,1.41873,0.738862,1.42034,102116
sum-i16,8,baseline,3,2.84251,2.49988,3.11955,2.91489,2.67825,3.00874,200444
sum-i16,8,current,3,1.50842,1.00142,1.81455,1.18594,0.645339,1.3469,161448
sum-i16,16,baseline,3,5.15807,4.96031,5.23048,5.44432,5.37535,5.54941,348296
sum-i16,16,current,3,0.986416,0.940396,1.03475,0.89091,0.871342,0.899352,225120
sum-i16,default,baseline,3,4.01276,3.98977,4.13846,5.58097,5.48468,6.24086,753736
sum-i16,default,current,3,0.816629,0.794986,0.88639,0.666094,0.654227,0.708814,348648
extrema-i16,1,baseline,3,4.27038,4.2231,5.6255,3.81467,3.63979,3.85327,71276
extrema-i16,1,current,3,2.95561,2.86336,2.99776,2.73101,2.72291,2.81308,71484
extrema-i16,2,baseline,3,2.76885,2.74889,2.77609,2.66357,2.65647,2.74284,104112
extrema-i16,2,current,3,2.40083,1.9605,3.3966,1.82658,1.82365,1.97792,81668
extrema-i16,4,baseline,3,2.25741,2.19716,2.33867,2.47097,2.36138,3.18591,169556
extrema-i16,4,current,3,1.98043,1.3565,3.13065,2.24951,1.22966,2.27445,102072
extrema-i16,8,baseline,3,3.32187,3.30035,3.6792,3.73962,3.13334,3.74758,300856
extrema-i16,8,current,3,2.24441,1.79295,2.3719,2.01369,1.52345,2.29383,143216
extrema-i16,16,baseline,3,4.36742,3.94601,4.41052,4.97961,4.57555,5.63896,521728
extrema-i16,16,current,3,1.31548,1.28649,1.63777,1.26549,1.25966,1.40725,225160
extrema-i16,default,baseline,3,4.3383,4.27754,4.3512,6.56757,5.66348,6.68915,801284
extrema-i16,default,current,3,1.17294,1.13055,1.24592,0.920538,0.891876,0.922265,348888
sum-i32,1,baseline,3,2.88635,2.86142,2.8988,2.73243,2.7275,2.77901,71208
sum-i32,1,current,3,1.87879,1.84201,1.90353,1.68246,1.67532,1.70028,71324
sum-i32,2,baseline,3,2.03174,1.99863,2.03726,1.75015,1.74167,1.85326,96160
sum-i32,2,current,3,1.22721,1.22521,2.0778,1.12602,1.12152,1.13842,81712
sum-i32,4,baseline,3,2.11754,1.3768,2.1639,2.23098,1.40106,2.33257,126968
sum-i32,4,current,3,0.993546,0.865031,1.62593,1.42145,0.775944,1.48158,102104
sum-i32,8,baseline,3,2.74845,2.68089,2.7704,2.70409,2.29149,2.88139,200884
sum-i32,8,current,3,2.25248,2.15564,2.52988,1.22166,1.09193,1.34244,161780
sum-i32,16,baseline,3,4.88635,4.74012,5.12563,5.40499,5.02269,5.67593,348264
sum-i32,16,current,3,1.07782,1.06996,1.10518,0.924061,0.875402,0.977593,225328
sum-i32,default,baseline,3,4.00708,3.75721,4.18004,5.39354,5.08607,5.41322,760128
sum-i32,default,current,3,0.818691,0.742845,0.960497,0.652566,0.620686,0.654748,348136
extrema-i32,1,baseline,3,3.97446,3.77166,4.63576,3.69848,3.66975,3.8682,71248
extrema-i32,1,current,3,2.9962,2.96757,2.99817,2.73935,2.7383,2.77005,71560
extrema-i32,2,baseline,3,2.80875,2.68653,2.95612,2.75702,2.71338,2.77777,104308
extrema-i32,2,current,3,2.0032,1.96128,2.182,1.86096,1.83195,1.89044,81852
extrema-i32,4,baseline,3,2.14621,2.14141,3.05041,2.82011,2.25102,2.87139,169908
extrema-i32,4,current,3,1.4343,1.39202,1.71729,1.253,1.2286,1.27431,102276
extrema-i32,8,baseline,3,3.33617,2.85387,3.50648,3.5204,3.44644,3.53606,300688
extrema-i32,8,current,3,2.34503,1.96792,2.42779,2.19286,2.0336,2.1986,143024
extrema-i32,16,baseline,3,4.70916,4.0693,5.18408,5.29547,5.05787,5.38818,530196
extrema-i32,16,current,3,1.30615,1.28539,1.43719,1.28721,1.23252,1.28932,225156
extrema-i32,default,baseline,3,4.18811,4.14719,4.533,6.12549,5.88387,6.62392,799240
extrema-i32,default,current,3,1.15308,1.1238,1.21057,0.963936,0.930739,1.0104,348216
sum-i64,1,baseline,3,2.93015,2.89855,3.03058,2.75028,2.73029,2.77018,71472
sum-i64,1,current,3,1.89489,1.84964,1.92472,1.69852,1.67985,1.74304,71572
sum-i64,2,baseline,3,2.04574,2.0124,2.19695,1.79331,1.77528,1.84671,96132
sum-i64,2,current,3,1.25693,1.22121,1.26269,1.13001,1.12801,1.13888,81772
sum-i64,4,baseline,3,1.60073,1.40816,2.12424,1.50262,1.42103,2.23353,126744
sum-i64,4,current,3,0.855845,0.849304,0.927893,0.788379,0.749127,0.796789,102536
sum-i64,8,baseline,3,3.17942,2.4459,3.20359,3.21787,2.43307,3.29423,200168
sum-i64,8,current,3,2.29181,1.69933,2.55313,0.730443,0.633551,1.32973,161432
sum-i64,16,baseline,3,4.47813,4.11954,4.56247,5.41268,5.40211,5.56343,348248
sum-i64,16,current,3,2.69586,2.60647,2.70072,0.958346,0.935032,0.995863,247820
sum-i64,default,baseline,3,5.20513,5.11656,5.63528,6.46018,5.69332,6.83567,765832
sum-i64,default,current,3,3.10296,3.00632,3.1102,0.712521,0.68943,0.734705,371228
extrema-i64,1,baseline,3,5.70714,5.4447,5.70812,5.20281,5.11458,5.295,71288
extrema-i64,1,current,3,3.35298,3.18607,3.85129,3.04318,3.01949,3.06116,71288
extrema-i64,2,baseline,3,3.5503,3.51104,4.0901,3.56666,3.45288,3.58969,104112
extrema-i64,2,current,3,2.94566,2.87175,3.0347,1.98208,1.96016,2.10358,94148
extrema-i64,4,baseline,3,2.77261,2.62607,3.89914,2.81353,2.74821,2.93164,169980
extrema-i64,4,current,3,4.10519,2.57217,4.77457,2.26277,1.30785,3.31326,124988
extrema-i64,8,baseline,3,3.37296,2.99377,3.93935,3.80146,3.43261,4.31613,300772
extrema-i64,8,current,3,3.46943,3.44064,3.53032,2.14918,1.55868,2.34311,165776
extrema-i64,16,baseline,3,8.84803,8.75987,9.1539,8.68652,8.58155,9.00816,579260
extrema-i64,16,current,3,3.07483,2.89844,3.11874,1.31594,1.31425,1.37148,247716
extrema-i64,default,baseline,3,6.55467,6.47287,7.14402,8.29189,7.86314,9.34327,801096
extrema-i64,default,current,3,3.34814,3.2796,3.37619,0.958745,0.943744,0.985493,371160
sum-f32,1,baseline,3,2.95891,2.93097,3.02026,2.77759,2.7718,2.79085,71192
sum-f32,1,current,3,1.8516,1.83487,1.85618,1.68667,1.6743,1.69555,71312
sum-f32,2,baseline,3,2.09997,2.09168,2.90318,1.78446,1.77844,1.82454,95820
sum-f32,2,current,3,1.27852,1.27438,1.30596,1.1427,1.14042,1.15625,81340
sum-f32,4,baseline,3,1.89164,1.68018,3.0179,1.47366,1.46752,2.8935,126760
sum-f32,4,current,3,0.955179,0.914037,2.05864,0.829919,0.750458,0.880374,102360
sum-f32,8,baseline,3,3.18343,2.24164,3.26411,3.07716,1.58356,3.08263,200856
sum-f32,8,current,3,2.21116,1.95964,2.26597,1.20244,1.12614,1.61465,161892
sum-f32,16,baseline,3,5.53841,5.41796,5.72215,5.98335,5.61175,5.99771,348536
sum-f32,16,current,3,1.08735,0.992352,1.10883,0.881683,0.875962,0.903672,225372
sum-f32,default,baseline,3,4.44477,4.16778,4.49677,6.01198,5.87457,6.52957,747816
sum-f32,default,current,3,0.914626,0.848272,1.37135,0.665085,0.620354,0.7164,348576
extrema-f32,1,baseline,3,5.4132,5.31952,5.4243,5.18386,5.16171,5.19447,71444
extrema-f32,1,current,3,3.24715,3.15253,3.26051,3.0195,2.99105,3.07066,71312
extrema-f32,2,baseline,3,3.60312,3.54582,3.70403,3.54051,3.45915,3.57418,103828
extrema-f32,2,current,3,2.19624,2.11253,3.70348,1.96565,1.93768,2.25532,81256
extrema-f32,4,baseline,3,2.81163,2.558,2.83469,2.67181,2.65446,3.11618,169728
extrema-f32,4,current,3,2.53302,2.49859,3.96106,1.29506,1.29195,2.34184,124472
extrema-f32,8,baseline,3,3.55122,3.36112,3.81746,3.85394,3.59416,3.95362,301248
extrema-f32,8,current,3,2.83785,2.51566,2.9939,1.87035,1.42759,2.0195,155652
extrema-f32,16,baseline,3,5.24379,4.46799,5.30513,5.53895,5.53517,5.98223,534492
extrema-f32,16,current,3,2.32364,2.21845,2.35821,1.32894,1.31972,1.33468,237396
extrema-f32,default,baseline,3,4.86088,4.55086,4.93233,7.16824,6.81865,7.35828,806948
extrema-f32,default,current,3,1.91099,1.88613,2.21678,0.897831,0.847511,0.923773,360968
sum-f64,1,baseline,3,3.03015,2.96907,3.12614,2.88069,2.8273,2.91384,71288
sum-f64,1,current,3,1.88063,1.84776,1.93716,1.69525,1.68262,1.73524,71564
sum-f64,2,baseline,3,2.09795,2.09678,2.35642,1.79609,1.79554,2.07559,96164
sum-f64,2,current,3,1.27294,1.24183,1.3285,1.15024,1.14757,1.21333,81840
sum-f64,4,baseline,3,1.83933,1.49036,2.67523,1.73873,1.5025,2.6085,126984
sum-f64,4,current,3,1.59022,0.955154,1.64367,0.838832,0.760994,1.47505,102388
sum-f64,8,baseline,3,1.62657,1.58913,3.18048,1.63703,1.6066,2.71167,200168
sum-f64,8,current,3,2.26095,2.16242,3.34684,1.18802,1.0308,1.31189,161852
sum-f64,16,baseline,3,4.57159,4.43335,5.55433,5.44297,5.29586,5.48259,348236
sum-f64,16,current,3,2.60512,2.5991,2.63996,1.02286,0.960578,1.0388,247696
sum-f64,default,baseline,3,5.22859,5.13776,6.11823,6.25146,5.77025,6.73248,761924
sum-f64,default,current,3,2.97533,2.86946,3.21222,0.721821,0.697648,0.726653,371140
extrema-f64,1,baseline,3,5.76111,5.4487,9.34633,5.20471,5.19172,5.26385,71552
extrema-f64,1,current,3,3.3793,3.21509,3.82804,3.12257,3.09479,3.24883,71336
extrema-f64,2,baseline,3,3.61421,3.49652,5.36475,3.53834,3.49048,3.68127,103860
extrema-f64,2,current,3,2.9363,2.92543,2.94501,1.9904,1.98849,2.02211,94208
extrema-f64,4,baseline,3,2.81457,2.68245,4.98483,2.75508,2.67875,2.81794,169700
extrema-f64,4,current,3,3.36695,2.53528,3.65046,1.33589,1.28837,1.54724,124864
extrema-f64,8,baseline,3,3.45452,3.25993,3.68429,3.96572,3.7123,4.28743,300776
extrema-f64,8,current,3,3.63667,2.76279,3.63911,2.18174,1.47914,2.21898,165848
extrema-f64,16,baseline,3,9.30656,8.87473,11.698,9.24528,8.59179,9.36473,575532
extrema-f64,16,current,3,3.08421,2.9492,3.46247,1.41171,1.4037,1.43482,247836
extrema-f64,default,baseline,3,7.2058,6.93155,8.99132,8.32155,7.85745,10.0671,799036
extrema-f64,default,current,3,3.42114,3.16052,3.94607,0.929622,0.906942,0.943353,370692
sum-time,1,baseline,3,3.07092,3.01114,3.12066,2.8167,2.74474,2.86905,104052
sum-time,1,current,3,1.86696,1.8586,1.90469,1.66837,1.65424,1.7391,104064
sum-time,2,baseline,3,2.09046,2.07295,2.17143,1.7731,1.74598,1.80027,128684
sum-time,2,current,3,1.31917,1.31153,1.34372,1.1253,1.1205,1.12977,114356
sum-time,4,baseline,3,2.23202,1.46551,2.26468,1.9206,1.39178,2.07491,159512
sum-time,4,current,3,0.927533,0.880998,1.56937,1.01807,0.738209,1.36858,134824
sum-time,8,baseline,3,2.76342,2.56266,3.19745,2.84893,2.58773,3.53641,239016
sum-time,8,current,3,2.39207,2.33972,2.56903,1.35172,1.13023,1.35689,194328
sum-time,16,baseline,3,5.02615,4.80819,5.40348,5.04544,4.8839,5.60148,387204
sum-time,16,current,3,1.12442,1.07175,1.15787,0.917973,0.887162,0.984293,258140
sum-time,default,baseline,3,4.07161,3.97645,4.10128,5.69851,5.58931,6.28461,784716
sum-time,default,current,3,0.911162,0.903906,0.973041,0.676647,0.645285,0.72579,381152
extrema-time,1,baseline,3,4.20603,4.1595,4.23946,3.71943,3.65291,3.78351,104068
extrema-time,1,current,3,3.06929,3.00727,3.19691,2.77179,2.73908,2.80378,103836
extrema-time,2,baseline,3,2.89343,2.84953,2.94372,2.73765,2.71726,2.79646,137076
extrema-time,2,current,3,2.0531,2.03829,2.21356,1.83056,1.82705,1.91196,114252
extrema-time,4,baseline,3,2.46613,2.30937,4.11625,2.32903,2.29359,2.40727,202320
extrema-time,4,current,3,2.55124,2.46893,2.64728,1.6693,1.24447,2.32305,135156
extrema-time,8,baseline,3,3.49464,3.48409,3.54552,3.65052,3.62052,3.86099,333836
extrema-time,8,current,3,2.33243,1.64296,2.38447,1.91404,1.47863,2.02146,175824
extrema-time,16,baseline,3,4.15415,4.12855,4.16802,5.00066,4.9909,5.18146,559192
extrema-time,16,current,3,1.47084,1.4371,1.50303,1.28542,1.22793,1.33102,258116
extrema-time,default,baseline,3,4.84993,4.29179,4.97305,5.85733,5.72412,6.88072,830224
extrema-time,default,current,3,1.23088,1.22123,1.34952,0.969736,0.953586,1.0285,381452
count,1,baseline,3,2.88543,2.86782,3.09323,2.70551,2.69325,2.70833,71424
count,1,current,3,1.87618,1.8543,1.88712,1.66915,1.66377,1.67604,71312
count,2,baseline,3,2.0779,2.06086,2.10187,1.71377,1.70839,1.78784,96180
count,2,current,3,1.29617,1.25717,1.32955,1.1167,1.1141,1.11773,81780
count,4,baseline,3,1.40516,1.39878,2.97706,1.3864,1.37352,2.19868,126996
count,4,current,3,1.64499,0.983121,1.65714,1.4164,0.731261,1.52532,102152
count,8,baseline,3,2.40011,1.91279,2.77616,2.92934,1.62895,3.35047,200488
count,8,current,3,1.33715,1.19468,1.43868,1.27573,1.10449,1.31991,143192
count,16,baseline,3,4.98213,4.299,5.18082,4.99663,4.97427,5.36292,348580
count,16,current,3,0.85856,0.810179,0.861542,0.716079,0.711797,0.768892,225524
count,default,baseline,3,3.64163,3.55924,3.91757,3.86562,3.36046,4.73422,514648
count,default,current,3,0.731107,0.702291,0.813693,0.562443,0.560902,1.056,348440
statistics,1,baseline,3,10.2633,10.2596,10.3736,9.06572,9.00412,9.24373,87720
statistics,1,current,3,6.14234,5.95994,11.4118,5.17659,4.67614,5.19529,85684
statistics,2,baseline,3,6.60691,6.4125,6.60783,5.22044,5.20239,5.30355,112048
statistics,2,current,3,4.57424,4.41832,4.63211,3.03044,2.9198,3.13712,104172
statistics,4,baseline,3,4.74295,4.73211,6.76031,3.80504,3.71352,3.9277,165692
statistics,4,current,3,4.46643,3.81002,4.78083,2.49217,2.3467,2.96547,129020
statistics,8,baseline,3,7.39065,5.4662,7.89309,4.74064,3.84639,5.27317,257984
statistics,8,current,3,3.80218,3.75849,3.98599,1.94674,1.86082,2.41426,169788
statistics,16,baseline,3,11.2184,11.2103,11.461,11.2146,11.1426,11.5775,581640
statistics,16,current,3,3.7516,3.57892,3.81967,1.84265,1.80746,1.8673,252024
statistics,default,baseline,3,8.86679,8.77167,9.07469,9.65504,9.62387,11.5758,916036
statistics,default,current,3,4.56929,4.32155,5.89541,1.33009,1.28618,3.01261,375076
binary,1,baseline,3,22.5562,22.2719,23.8774,19.9243,19.1346,20.759,120124
binary,1,current,3,15.5201,15.1029,16.3514,12.7036,12.5085,13.5633,116428
binary,2,baseline,3,16.155,14.9668,17.205,14.0917,12.6924,14.5452,139092
binary,2,current,3,12.5199,12.3272,12.8458,8.92721,8.9243,9.03297,125684
binary,4,baseline,3,74.3855,73.9172,74.6119,70.1673,69.5581,70.4555,333588
binary,4,current,3,7.4814,6.98289,8.5645,4.58519,4.57559,4.63375,146132
binary,8,baseline,3,38.5569,37.6762,39.1351,36.7978,36.7037,37.4237,350052
binary,8,current,3,5.54167,5.53592,6.34684,3.65507,3.51539,3.6607,186784
binary,16,baseline,3,23.9938,23.8714,24.1197,21.8294,21.5868,22.1672,589872
binary,16,current,3,4.96408,4.68882,8.0725,3.09669,3.08605,4.71455,268564
binary,default,baseline,3,18.5258,17.8465,18.7144,18.8925,18.2478,22.3136,983620
binary,default,current,3,5.58353,5.32877,5.84801,2.35601,2.28876,2.50593,391824
truth,1,baseline,3,5.84726,5.64301,6.02867,5.36885,5.36705,5.37681,71376
truth,1,current,3,4.05479,3.91862,4.07724,3.71216,3.68039,3.87774,71060
truth,2,baseline,3,4.17574,3.87497,4.29045,3.73978,3.58096,3.99908,103996
truth,2,current,3,3.29428,3.18635,3.5931,2.27187,2.22432,2.30348,94120
truth,4,baseline,3,2.78345,2.78212,3.04032,2.96743,2.76782,3.14943,170020
truth,4,current,3,2.92692,2.62274,4.51471,1.5944,1.50449,1.59899,124916
truth,8,baseline,3,3.4932,3.15851,4.37089,3.5207,3.02595,3.87739,300584
truth,8,current,3,3.0164,3.01341,3.1731,1.84143,1.80563,1.99143,165808
truth,16,baseline,3,8.73148,8.72122,8.78486,8.58367,8.43987,8.65932,575792
truth,16,current,3,3.21902,3.04812,3.27395,1.36337,1.35816,2.20063,248200
truth,default,baseline,3,6.87335,6.77392,7.51967,7.27849,7.04268,9.09278,798856
truth,default,current,3,3.43838,3.43239,3.73031,1.02297,1.02025,1.16941,370716
product,1,baseline,3,2.94879,2.8468,2.98596,2.688,2.65406,2.71132,71216
product,1,current,3,1.99047,1.96909,2.11174,1.78146,1.76663,1.9078,71176
product,2,baseline,3,3.1696,2.02191,3.21681,1.98822,1.8643,2.97439,98216
product,2,current,3,1.4661,1.26864,1.56047,1.1318,1.11399,1.24285,81832
product,4,baseline,3,2.26343,1.66079,3.23636,1.86928,1.4207,3.3164,151296
product,4,current,3,0.937006,0.935968,2.20703,0.744096,0.744045,1.92564,102320
product,8,baseline,3,2.35285,2.32096,2.96968,2.62037,2.35908,3.0205,257988
product,8,current,3,3.19088,2.6226,3.54866,1.44249,1.2857,2.21116,165760
product,16,baseline,3,5.45558,5.41232,6.09317,6.24985,6.18739,6.27297,507824
product,16,current,3,2.84691,2.67674,3.08787,1.00932,0.969056,1.03807,248060
product,default,baseline,3,5.06912,4.94379,6.65664,6.73213,6.01262,6.8198,749896
product,default,current,3,3.02539,2.95118,3.70275,0.743273,0.731896,0.82115,370920
median,1,baseline,3,10.1753,10.1589,11.165,8.61042,8.48548,8.98273,98184
median,1,current,3,10.4193,10.3871,10.4667,9.33674,8.9791,9.9289,98144
median,2,baseline,3,8.44293,8.41453,9.51135,6.81469,6.73587,7.08554,108416
median,2,current,3,8.39313,8.36718,8.97096,6.9428,6.89169,7.00957,108484
median,4,baseline,3,7.30642,7.14187,7.81921,5.98746,5.92855,6.26827,129216
median,4,current,3,7.13051,5.9737,8.74361,4.85679,4.70698,5.35504,129264
median,8,baseline,3,7.68806,6.70253,8.00915,6.11053,5.87515,6.14952,170240
median,8,current,3,4.65064,4.32266,5.89968,3.19451,2.63643,3.83362,169836
median,16,baseline,3,7.42961,7.34251,7.46146,6.23936,6.06595,6.42483,251736
median,16,current,3,4.52955,4.42341,4.88885,2.67537,2.43676,2.74627,251800
median,default,baseline,3,7.33282,7.02878,7.37465,5.85993,5.82533,5.9251,375520
median,default,current,3,4.99484,4.82174,5.61271,1.97494,1.96454,2.23401,374748
quantile,1,baseline,3,10.5652,10.5274,10.9735,8.87784,8.84812,9.45803,97976
quantile,1,current,3,10.9146,10.7052,11.154,9.48624,9.39413,9.69696,98220
quantile,2,baseline,3,8.83773,8.30967,8.97971,7.07737,6.94405,7.12131,108404
quantile,2,current,3,9.02029,8.76374,10.6554,8.52138,7.19099,8.97868,108748
quantile,4,baseline,3,7.60846,7.5858,8.22483,5.83084,5.82101,6.02925,128752
quantile,4,current,3,6.19428,5.93465,7.57459,4.89081,4.8524,5.18736,128784
quantile,8,baseline,3,7.71204,7.68461,7.73322,6.31869,6.14854,6.47194,169728
quantile,8,current,3,5.01247,4.69964,5.47798,3.74386,3.01931,3.82711,169848
quantile,16,baseline,3,6.76435,6.7599,6.78008,6.20916,6.07523,6.4924,251828
quantile,16,current,3,4.56493,4.52514,4.59613,2.70577,2.58297,2.89422,252172
quantile,default,baseline,3,7.80258,7.68298,8.19795,6.36693,6.08152,6.44686,375020
quantile,default,current,3,4.99633,4.93253,5.48798,2.05381,2.01336,3.71245,375232
mode,1,baseline,3,15.9613,15.3418,16.4072,13.9023,13.7826,15.1157,92008
mode,1,current,3,13.5809,13.5302,15.4259,13.4765,12.8567,13.8672,92080
mode,2,baseline,3,11.6486,11.3079,12.0179,9.93215,9.64158,10.2181,102000
mode,2,current,3,11.1832,10.6393,12.2718,9.43234,9.01478,10.241,102592
mode,4,baseline,3,8.66275,8.5808,10.971,7.43227,7.33973,8.3304,123120
mode,4,current,3,7.7369,7.44245,10.0636,5.97854,5.87041,5.98056,128924
mode,8,baseline,3,7.98758,7.93717,8.25446,6.76788,6.75007,6.84086,163788
mode,8,current,3,6.30808,4.92183,6.50423,4.15552,3.77175,4.8941,170112
mode,16,baseline,3,7.94811,7.92751,8.25286,6.91094,6.83794,7.05835,245848
mode,16,current,3,4.64339,4.63356,4.68658,3.00721,2.84829,3.08374,251964
mode,default,baseline,3,8.2906,7.97465,8.29128,6.95697,6.655,6.9724,369368
mode,default,current,3,5.50363,5.07606,6.06552,2.3824,2.25364,2.79779,374832
top-bottom,1,baseline,3,16.073,15.6571,16.8983,14.9177,14.437,15.0542,104316
top-bottom,1,current,3,15.9729,15.2831,18.5595,14.8662,14.3771,17.5743,104360
top-bottom,2,baseline,3,12.3681,12.0402,12.7177,11.0145,10.874,11.2888,114836
top-bottom,2,current,3,12.258,12.2147,12.3007,10.9121,10.8736,11.1888,114628
top-bottom,4,baseline,3,10.6908,10.6876,12.2291,9.25343,9.11873,9.53402,134928
top-bottom,4,current,3,9.19893,8.9965,9.92144,8.13343,7.82073,8.58612,135416
top-bottom,8,baseline,3,9.98649,9.87011,10.6604,8.9562,8.00747,9.06814,176276
top-bottom,8,current,3,7.47698,6.52195,7.70957,5.77154,5.64695,6.00593,176060
top-bottom,16,baseline,3,10.3138,10.1186,10.351,9.00534,8.92164,9.10286,257972
top-bottom,16,current,3,7.05523,6.94549,7.10006,5.06153,4.90612,5.0756,257876
top-bottom,default,baseline,3,10.1239,10.1163,10.4786,8.91432,8.89867,9.61356,381176
top-bottom,default,current,3,7.25023,7.23078,12.0256,4.35443,4.26657,5.09519,381152
first-last,1,baseline,3,10.7584,10.7341,11.2886,9.64479,9.60217,9.7152,91948
first-last,1,current,3,6.5397,6.46925,6.6244,5.15143,5.0819,5.39086,92236
first-last,2,baseline,3,10.8038,10.7652,10.8192,9.81469,9.79351,9.94151,102568
first-last,2,current,3,6.4835,6.26781,6.87772,4.97168,4.85589,5.10646,102308
first-last,4,baseline,3,11.0719,10.7096,13.1417,9.83113,9.6062,11.6198,122560
first-last,4,current,3,5.4964,5.04439,5.74084,3.87694,3.81522,3.9026,128936
first-last,8,baseline,3,10.9922,10.727,11.5545,9.63703,9.38279,10.3863,163924
first-last,8,current,3,4.27759,3.6554,4.96727,2.64348,2.62719,2.79644,170064
first-last,16,baseline,3,10.8119,10.7959,11.0215,9.60867,9.49175,10.3701,245600
first-last,16,current,3,3.96103,3.76264,4.18223,2.34975,2.19668,2.36137,251548
first-last,default,baseline,3,10.8253,10.8051,14.1891,9.83681,9.71551,11.5474,368616
first-last,default,current,3,4.68846,4.68406,4.72492,1.87546,1.70343,1.928,375308
mixed,1,baseline,3,13.2832,13.1478,13.4781,11.6312,11.35,11.9258,98100
mixed,1,current,3,12.0135,11.9273,12.0373,10.5571,10.5052,10.6033,97900
mixed,2,baseline,3,11.4454,11.0971,12.0693,9.75287,9.70224,10.1215,108412
mixed,2,current,3,10.48,9.81556,12.5782,8.62483,8.31244,10.2953,108612
mixed,4,baseline,3,10.6785,9.96153,10.75,9.27635,8.69343,9.36588,129008
mixed,4,current,3,7.94687,7.2305,8.02513,5.6713,5.55677,6.39286,129184
mixed,8,baseline,3,10.5649,10.3689,10.7469,8.86077,8.74356,8.86777,170056
mixed,8,current,3,5.79436,5.64866,6.13172,4.19463,4.08916,4.19919,170024
mixed,16,baseline,3,10.2358,9.87907,10.2802,8.80887,8.80323,9.35241,251920
mixed,16,current,3,4.77829,4.59115,5.48752,3.13921,2.85301,3.15643,251680
mixed,default,baseline,3,10.5516,10.1852,10.5766,9.01198,8.60008,9.33088,375004
mixed,default,current,3,5.5648,5.48961,5.9108,2.41172,2.3795,2.43281,375012
distinct,1,baseline,3,68.5663,57.8849,70.974,68.0207,61.6448,68.0771,202132
distinct,1,current,3,49.5439,48.3526,49.624,43.2018,42.8276,44.428,202628
distinct,2,baseline,3,23.5919,23.2166,25.8238,19.9747,19.8026,22.0272,201552
distinct,2,current,3,20.7559,20.4722,21.1511,16.7471,15.8239,17.1768,147680
distinct,4,baseline,3,18.1969,15.9306,18.7175,14.2948,14.1464,15.3772,293668
distinct,4,current,3,10.8354,10.6744,11.0245,8.60544,8.52635,8.8485,200520
distinct,8,baseline,3,14.2451,13.3664,15.2657,11.4961,10.9563,11.6481,320844
distinct,8,current,3,6.7579,6.74559,6.79841,5.73921,5.44432,6.44665,331736
distinct,16,baseline,3,12.3383,11.8865,14.9617,11.7494,11.418,15.094,576700
distinct,16,current,3,5.0795,5.03572,5.8576,4.76455,4.61736,4.85197,423384
distinct,default,baseline,3,11.289,10.8814,11.4322,12.875,12.3873,15.396,867876
distinct,default,current,3,4.7728,4.29522,4.81556,4.49963,4.46176,4.5486,544768
composite,1,baseline,3,27.7413,27.5117,27.9956,25.0378,23.7671,25.2067,130456
composite,1,current,3,15.5058,15.0857,16.1581,11.8017,11.4326,11.8568,137020
composite,2,baseline,3,20.2464,20.2437,22.2172,17.6914,16.9329,18.1625,153284
composite,2,current,3,11.9861,11.9761,12.0352,9.64768,9.4974,10.324,141496
composite,4,baseline,3,19.2908,18.8097,19.6605,13.801,13.2075,13.9579,198668
composite,4,current,3,8.09184,8.02824,8.92753,5.63945,5.44554,5.65127,161812
composite,8,baseline,3,15.1327,13.5775,15.3708,11.829,11.1957,12.3131,288360
composite,8,current,3,6.36829,6.03802,7.99958,3.92115,3.46393,3.94289,202920
composite,16,baseline,3,14.4434,13.8912,14.8333,13.1001,12.9009,13.2818,431748
composite,16,current,3,6.21159,6.07967,6.43469,2.85879,2.82552,3.11147,284904
composite,default,baseline,3,16.8067,16.0455,17.6614,13.6966,12.6176,14.6448,629008
composite,default,current,3,8.51437,7.89721,8.61973,2.07788,2.00327,2.13216,408148
selected,1,baseline,3,5.82917,5.52787,6.50137,5.30161,5.27103,5.47124,71292
selected,1,current,3,3.88022,3.72347,4.06446,3.45271,3.43492,3.7218,71304
selected,2,baseline,3,4.00672,3.41167,4.19785,3.41231,3.33123,3.77763,102048
selected,2,current,3,2.63919,2.54952,3.10615,2.30608,2.29992,2.56517,92016
selected,4,baseline,3,2.33715,2.32609,3.61293,2.32572,2.24993,3.40333,151588
selected,4,current,3,2.207,1.79205,2.24453,1.77781,1.4264,1.89469,112408
selected,8,baseline,3,2.68717,2.4875,3.29493,3.06506,2.87235,3.51507,225164
selected,8,current,3,1.66243,1.52895,1.76693,1.3166,1.18255,1.32715,153508
selected,16,baseline,3,2.44201,2.29989,2.51327,2.49186,2.47205,2.72548,293012
selected,16,current,3,1.3392,1.2027,1.39192,0.969581,0.930241,1.11965,235660
selected,default,baseline,3,2.56946,2.53204,2.96133,2.50201,2.4938,2.56995,403392
selected,default,current,3,1.26913,1.23763,1.31038,0.956438,0.899949,0.987752,358892
selected-indexed,1,baseline,3,10.225,10.1152,10.3808,9.0692,8.84832,9.30816,102344
selected-indexed,1,current,3,8.7867,8.15627,9.00566,7.04303,6.80896,7.75985,102316
selected-indexed,2,baseline,3,9.14042,8.97466,10.3322,7.94474,7.73265,7.98991,112584
selected-indexed,2,current,3,7.86759,7.82366,7.88541,6.62446,6.57227,6.92102,112596
selected-indexed,4,baseline,3,8.73136,8.46782,8.82373,7.68438,7.21492,7.69556,133288
selected-indexed,4,current,3,7.01896,6.65592,7.31165,4.96296,4.93008,5.28929,133424
selected-indexed,8,baseline,3,8.27147,8.20051,8.63679,7.23051,7.20754,7.24728,174280
selected-indexed,8,current,3,5.2848,5.13139,5.79155,4.09184,4.01598,4.31183,174216
selected-indexed,16,baseline,3,8.31972,8.25736,8.35119,7.03505,6.88511,7.20917,256092
selected-indexed,16,current,3,4.70526,4.67079,4.7462,3.35285,3.32992,3.44372,256152
selected-indexed,default,baseline,3,8.13888,8.03181,8.6923,6.88033,6.70255,8.08326,379140
selected-indexed,default,current,3,4.53904,4.51365,5.91839,3.27771,3.26999,4.32053,379104
sparse,1,baseline,3,52.4535,52.1688,52.694,49.0542,48.894,49.6884,128928
sparse,1,current,3,50.7239,50.6859,50.7396,47.9804,47.5805,48.1984,128948
sparse,2,baseline,3,27.1576,27.0946,27.5088,25.832,25.5016,25.9469,136588
sparse,2,current,3,26.3104,26.2677,26.4283,24.8997,24.7183,25.0249,137148
sparse,4,baseline,3,14.3552,14.3387,15.5518,13.8766,13.8708,14.2297,188656
sparse,4,current,3,14.3365,13.925,14.3517,13.5063,13.3886,13.821,188352
sparse,8,baseline,3,9.39754,9.04539,11.1301,8.89606,8.44491,9.51118,319416
sparse,8,current,3,8.82095,8.38767,8.88241,7.96042,7.92741,7.97051,319676
sparse,16,baseline,3,6.68467,6.51336,6.78346,6.37816,5.90376,6.41079,475112
sparse,16,current,3,5.93109,5.92006,8.44685,6.35132,5.26794,7.16457,475316
sparse,default,baseline,3,6.04545,5.67155,8.98163,7.35208,5.90338,9.0057,766652
sparse,default,current,3,5.73338,5.47646,6.40206,5.40694,5.10741,6.46629,768952
clustered,1,baseline,3,4.10442,4.05268,4.33783,3.90492,3.90431,4.02943,71188
clustered,1,current,3,1.87889,1.83442,1.99181,1.68107,1.63633,1.73688,71492
clustered,2,baseline,3,2.68465,2.67464,2.77134,2.50739,2.46767,2.57871,96180
clustered,2,current,3,1.56448,1.53266,1.62013,1.40149,1.36486,1.49274,81604
clustered,4,baseline,3,2.25601,1.74419,2.54808,1.90063,1.89884,2.37601,127012
clustered,4,current,3,1.73825,1.72089,1.7845,0.786414,0.776816,0.955503,118528
clustered,8,baseline,3,1.99495,1.90185,2.39071,2.1625,2.07896,2.17777,200644
clustered,8,current,3,2.72742,2.52035,2.75584,1.28538,1.16936,1.29899,163884
clustered,16,baseline,3,3.35548,3.20862,3.41278,3.74888,3.62304,3.80605,348336
clustered,16,current,3,2.66074,2.65136,2.66612,0.763426,0.745624,0.918047,245940
clustered,default,baseline,3,4.72521,4.68305,5.88635,5.14124,4.89397,7.06607,545016
clustered,default,current,3,3.02794,2.93893,3.05992,0.629254,0.613966,0.65212,368852
skew,1,baseline,3,4.24314,4.21492,4.29886,4.17413,4.11265,4.18402,71260
skew,1,current,3,1.70643,1.68039,1.7552,1.49233,1.48398,1.51226,71320
skew,2,baseline,3,3.0828,2.8809,3.27977,2.677,2.61815,2.70162,96136
skew,2,current,3,1.16585,1.1617,1.20485,1.03948,1.03913,1.04446,81540
skew,4,baseline,3,1.95722,1.94909,3.38488,2.07249,2.03119,2.9909,127264
skew,4,current,3,1.83519,1.66144,2.27239,0.691783,0.687319,1.22107,116724
skew,8,baseline,3,3.00141,2.98064,3.31391,3.10041,2.85026,3.38833,200620
skew,8,current,3,2.35954,2.22553,2.43056,1.18947,0.982443,1.21367,161908
skew,16,baseline,3,4.68496,4.63918,4.92777,5.30201,4.82102,5.45626,348524
skew,16,current,3,2.66219,2.50963,2.71757,0.990496,0.957694,0.99202,245696
skew,default,baseline,3,16.9204,16.0932,17.3379,17.0347,16.9169,17.369,868660
skew,default,current,3,2.8999,2.83806,2.91739,0.712629,0.670056,0.719018,368592
skew-indexed,1,baseline,3,11.4755,11.4373,12.1363,9.86807,9.79021,10.7717,96056
skew-indexed,1,current,3,11.346,11.1075,11.4231,9.47684,9.39344,9.55746,95996
skew-indexed,2,baseline,3,9.32639,9.32428,9.46814,8.12097,7.97442,8.17773,106408
skew-indexed,2,current,3,9.00091,8.9234,9.35983,7.44731,7.43954,8.01943,106452
skew-indexed,4,baseline,3,10.0851,9.61636,11.2411,8.2791,7.99779,8.72557,127184
skew-indexed,4,current,3,8.12896,6.93672,9.08072,5.24766,5.19389,5.25887,129188
skew-indexed,8,baseline,3,9.51786,9.48432,9.68791,8.07807,8.02284,8.25616,168260
skew-indexed,8,current,3,6.07657,5.28219,6.12269,3.6721,3.27429,3.72066,169832
skew-indexed,16,baseline,3,10.2851,9.44909,10.9455,8.34368,8.17525,8.60447,249948
skew-indexed,16,current,3,5.83024,5.38597,5.92533,3.07526,3.0186,3.09524,251912
skew-indexed,default,baseline,3,9.5404,9.51968,9.6444,8.17145,8.13636,8.20334,373256
skew-indexed,default,current,3,8.29962,7.34129,8.80143,2.58004,2.49368,3.0791,374600
float-key,1,baseline,3,17.3877,17.3407,17.9362,17.5841,17.5059,17.6943,83752
float-key,1,current,3,13.7984,13.7721,14.0,11.8287,11.8232,12.3718,91816
float-key,2,baseline,3,12.9115,12.7684,15.0753,9.64989,9.60212,9.81825,212656
float-key,2,current,3,12.9543,12.7296,12.9874,9.73644,9.52861,9.86282,200652
float-key,4,baseline,3,7.8361,7.76062,9.81243,5.5433,5.51584,6.14932,247852
float-key,4,current,3,7.47464,7.42427,12.6224,5.59223,5.45002,5.72095,266516
float-key,8,baseline,3,6.12681,5.57797,6.34969,4.54494,4.46216,4.57388,325740
float-key,8,current,3,6.22648,5.38063,6.27922,4.1032,3.8828,4.24844,325620
float-key,16,baseline,3,5.034,4.9226,5.09318,5.2773,5.04665,5.43789,579952
float-key,16,current,3,4.45306,4.43191,4.8106,3.01575,2.92875,3.02749,252016
float-key,default,baseline,3,3.81358,3.75369,3.90834,5.68758,5.61912,5.84068,828244
float-key,default,current,3,5.09668,5.02087,5.13273,2.29361,2.185,2.33142,374980
float-indexed,1,baseline,3,20.065,19.9867,20.1255,17.4581,17.4491,17.5885,97848
float-indexed,1,current,3,18.6259,18.543,22.3575,16.3568,16.2385,20.0246,98192
float-indexed,2,baseline,3,17.6173,17.538,18.7718,15.805,15.5313,16.199,108460
float-indexed,2,current,3,14.6915,14.6879,17.2982,13.0358,12.8251,13.3823,108484
float-indexed,4,baseline,3,17.0393,16.8436,18.0095,14.9999,14.8478,15.1238,129016
float-indexed,4,current,3,9.06552,8.87709,9.40892,7.71186,7.69838,7.8021,129176
float-indexed,8,baseline,3,17.3506,17.0644,21.3508,15.0878,14.7827,15.4921,170056
float-indexed,8,current,3,7.04584,6.14396,7.64739,4.61308,4.53801,5.31126,170016
float-indexed,16,baseline,3,16.7425,16.7283,16.9305,15.08,14.9329,15.6494,251760
float-indexed,16,current,3,5.28416,5.2092,5.41974,3.468,3.38112,3.69829,252000
float-indexed,default,baseline,3,17.3704,16.7931,17.594,15.4,14.9913,15.5696,375036
float-indexed,default,current,3,5.54368,5.35217,6.02677,2.74609,2.65403,2.89445,375260
symbol-key,1,baseline,3,1.18386,1.18298,1.24388,1.08298,0.968879,1.14473,87672
symbol-key,1,current,3,1.31279,1.29626,1.42587,1.13763,1.09745,1.29761,87680
symbol-key,2,baseline,3,0.679226,0.652008,0.717959,0.496088,0.494304,0.49825,97932
symbol-key,2,current,3,0.720948,0.691352,0.986494,0.547816,0.547368,0.555347,97928
symbol-key,4,baseline,3,0.442311,0.409738,0.637794,0.280612,0.259481,0.616283,118740
symbol-key,4,current,3,0.448883,0.425282,0.623495,0.345622,0.302905,0.472253,118480
symbol-key,8,baseline,3,0.651176,0.562185,0.759098,0.381328,0.363771,0.409558,159280
symbol-key,8,current,3,0.451484,0.366834,0.468719,0.271953,0.209817,0.350736,159564
symbol-key,16,baseline,3,0.503076,0.49525,0.931661,0.23684,0.22716,0.663092,241496
symbol-key,16,current,3,0.455558,0.437353,0.485039,0.194738,0.188484,0.19543,241244
symbol-key,default,baseline,3,0.640394,0.599761,0.660203,0.242835,0.233822,0.251008,364512
symbol-key,default,current,3,0.578818,0.5765,0.597069,0.256711,0.222636,0.291174,364384
string-key,1,baseline,3,24.693,24.1703,24.7365,25.2904,24.8848,25.3016,101996
string-key,1,current,3,13.4532,13.3789,13.4592,12.2699,12.2335,12.4382,122528
string-key,2,baseline,3,18.2826,18.1889,19.4368,16.6195,16.5317,17.0948,204732
string-key,2,current,3,9.46563,9.33709,11.1526,7.90438,7.8612,8.27929,139216
string-key,4,baseline,3,9.72259,9.6984,9.78028,8.6523,8.56126,8.80735,235300
string-key,4,current,3,5.38446,5.30121,5.56584,3.97409,3.96384,3.97727,159764
string-key,8,baseline,3,8.06923,7.07803,10.5999,7.2942,7.26742,8.35378,331940
string-key,8,current,3,3.75484,3.70809,3.89532,2.35405,2.33739,2.36149,200452
string-key,16,baseline,3,6.44286,5.90644,8.72002,8.13009,8.12851,9.68008,586060
string-key,16,current,3,3.79462,3.58037,3.92678,1.89861,1.67521,1.97922,282652
string-key,default,baseline,3,4.94935,4.91817,5.59731,8.6225,6.43852,9.2241,606316
string-key,default,current,3,5.21903,4.57313,5.48788,1.5246,1.51551,1.9854,405748
string-indexed,1,baseline,3,17.1438,17.0843,17.2803,15.8374,15.7817,15.8766,122480
string-indexed,1,current,3,17.4617,17.418,17.7487,16.4672,16.2254,17.2203,122396
string-indexed,2,baseline,3,17.2565,17.2514,17.7431,15.8552,15.7423,15.9228,132912
string-indexed,2,current,3,11.263,11.1262,11.2887,9.85107,9.7309,9.98533,139216
string-indexed,4,baseline,3,17.2497,17.0681,17.3497,15.7994,15.733,16.2789,153452
string-indexed,4,current,3,6.70934,6.55441,8.36539,5.31797,5.26928,5.34047,159736
string-indexed,8,baseline,3,17.2972,17.2763,17.3048,16.1137,15.7274,16.1245,194472
string-indexed,8,current,3,5.28553,5.17532,5.98635,3.77893,3.62397,4.24061,200248
string-indexed,16,baseline,3,17.4598,17.3921,18.0735,15.7641,15.7212,16.1744,276600
string-indexed,16,current,3,5.07459,4.83856,5.07977,4.18867,4.07065,4.25521,282856
string-indexed,default,baseline,3,17.4663,17.1759,18.8789,16.0867,15.6993,16.1155,399608
string-indexed,default,current,3,6.31911,5.91907,6.97416,3.3359,3.25249,3.75101,406248
wide-extrema,1,baseline,3,26.3677,25.8986,26.4022,25.4226,25.1871,25.4825,126760
wide-extrema,1,current,3,24.369,24.3661,24.406,23.4459,23.1213,23.4695,126860
wide-extrema,2,baseline,3,26.131,26.0206,26.2922,25.2133,25.0964,25.4123,136880
wide-extrema,2,current,3,16.13,16.1151,16.1404,15.1977,15.0853,15.3604,137204
wide-extrema,4,baseline,3,26.2191,26.04,26.8424,25.0789,25.0601,25.483,157452
wide-extrema,4,current,3,10.6532,10.5398,11.6703,9.65717,9.63182,9.78462,151792
wide-extrema,8,baseline,3,26.1283,25.9958,26.9638,25.418,25.0377,25.9199,198740
wide-extrema,8,current,3,9.02363,8.78922,9.32691,7.28875,6.67638,7.67726,192860
wide-extrema,16,baseline,3,26.4124,26.4004,26.4773,25.4814,25.1665,25.631,280708
wide-extrema,16,current,3,7.09388,6.96248,7.10791,5.55835,5.41128,5.67162,274720
wide-extrema,default,baseline,3,26.5348,26.1329,26.5474,25.5779,25.1453,25.6325,403532
wide-extrema,default,current,3,6.92281,6.65477,7.71395,4.71493,4.55277,5.35635,397448
extrema-date,1,baseline,3,4.35992,4.18021,4.78684,3.71414,3.69428,3.77327,103792
extrema-date,1,current,3,3.1149,3.04955,3.14265,2.75659,2.73529,2.81219,103928
extrema-date,2,baseline,3,3.05146,2.98388,3.23236,2.76349,2.6425,2.80074,136808
extrema-date,2,current,3,2.35347,2.25071,3.75319,1.83805,1.82849,1.84813,114352
extrema-date,4,baseline,3,3.49155,2.34659,4.19456,2.36082,2.29589,3.25225,202656
extrema-date,4,current,3,1.50342,1.47806,1.57316,1.27277,1.23031,1.38871,135136
extrema-date,8,baseline,3,3.8354,3.03446,3.90586,3.52187,3.07244,4.1857,333784
extrema-date,8,current,3,2.32191,2.22473,2.60266,2.01677,1.88028,2.4178,176220
extrema-date,16,baseline,3,4.19388,4.11129,4.31059,5.28987,4.86185,5.42643,556568
extrema-date,16,current,3,1.44357,1.40157,1.47634,1.2762,1.22671,1.35998,258056
extrema-date,default,baseline,3,4.40245,4.36226,4.52191,5.89981,5.75873,6.22901,827204
extrema-date,default,current,3,1.22426,1.16954,1.23767,0.924081,0.91692,0.97347,381160
extrema-timestamp,1,baseline,3,4.48987,4.34244,4.68972,3.82929,3.8004,3.88503,118388
extrema-timestamp,1,current,3,3.54897,3.51945,3.55042,3.1095,3.00597,3.2434,118324
extrema-timestamp,2,baseline,3,3.06172,2.95336,3.09807,2.8359,2.8197,2.94712,151240
extrema-timestamp,2,current,3,2.34991,2.28637,2.39579,1.95652,1.9478,1.95763,128668
extrema-timestamp,4,baseline,3,3.4602,3.4591,4.53493,2.40279,2.36839,3.42821,216840
extrema-timestamp,4,current,3,1.94229,1.81274,3.79148,1.43375,1.28438,3.29365,159468
extrema-timestamp,8,baseline,3,3.63776,2.6415,4.22235,3.49956,3.20368,3.68897,348028
extrema-timestamp,8,current,3,2.84173,2.68817,2.96061,2.06597,1.70779,2.11237,200728
extrema-timestamp,16,baseline,3,7.82309,7.73983,8.00357,8.33496,8.20826,8.36429,610512
extrema-timestamp,16,current,3,2.38654,2.21184,2.45769,1.31615,1.24994,1.40285,282644
extrema-timestamp,default,baseline,3,6.04723,6.01337,6.36003,7.45407,7.42369,7.63973,837980
extrema-timestamp,default,current,3,2.80934,2.70836,2.96724,0.976581,0.959364,1.00223,406008
wide-mode,1,baseline,3,16.5545,15.3021,17.2018,15.2632,14.8106,15.3026,118676
wide-mode,1,current,3,17.583,15.9854,18.7225,15.1981,15.1428,15.4626,118604
wide-mode,2,baseline,3,16.2878,16.0881,16.7322,15.5288,15.1371,15.5767,128944
wide-mode,2,current,3,11.7353,11.22,11.7705,11.07,10.7159,11.1374,128900
wide-mode,4,baseline,3,16.5238,16.3241,18.0535,15.5728,15.0114,15.908,149484
wide-mode,4,current,3,7.93793,7.76629,9.05833,7.19839,7.10647,7.36651,151740
wide-mode,8,baseline,3,16.4246,16.3703,16.5523,15.5544,15.2936,16.3441,190308
wide-mode,8,current,3,6.35766,5.72364,7.04516,4.77448,4.55624,4.81527,192644
wide-mode,16,baseline,3,16.0895,15.8767,16.8574,16.0351,14.9753,16.0862,272236
wide-mode,16,current,3,5.51038,5.24573,5.54993,3.78891,3.69549,4.03986,274568
wide-mode,default,baseline,3,16.4733,15.9743,16.9804,15.1124,15.0134,15.3422,395500
wide-mode,default,current,3,5.16432,5.0796,5.38694,3.16271,3.12354,3.59643,397580
wide-top-bottom,1,baseline,3,34.2045,34.0728,34.646,31.8517,31.4323,32.1025,186192
wide-top-bottom,1,current,3,34.1957,34.059,35.8891,31.5611,30.8646,31.6036,186280
wide-top-bottom,2,baseline,3,34.7471,34.266,37.448,31.9277,31.5069,32.2491,196776
wide-top-bottom,2,current,3,20.3588,20.0616,20.8231,20.3065,19.8795,20.3663,212952
wide-top-bottom,4,baseline,3,34.287,34.2117,34.6251,31.8968,31.2838,32.6791,217308
wide-top-bottom,4,current,3,14.1267,12.1561,15.7162,11.8164,11.7189,11.9181,225020
wide-top-bottom,8,baseline,3,34.5766,34.4286,35.0309,31.949,31.5073,32.5102,258096
wide-top-bottom,8,current,3,7.65264,7.62234,8.23451,7.02117,6.66633,7.42141,339912
wide-top-bottom,16,baseline,3,34.7985,34.4633,35.1407,31.9812,31.6575,32.4163,339996
wide-top-bottom,16,current,3,6.43348,6.24574,7.0529,5.31264,5.11363,5.93537,419508
wide-top-bottom,default,baseline,3,34.8152,34.7342,34.9252,32.6016,32.2201,32.6766,463056
wide-top-bottom,default,current,3,6.19333,5.94515,6.20315,4.384,4.36727,4.53748,511660
extrema-ascending,1,baseline,3,3.48238,3.43099,3.66292,3.26736,3.26287,3.30889,71292
extrema-ascending,1,current,3,2.81924,2.80576,2.97952,2.69636,2.66643,2.78995,71324
extrema-ascending,2,baseline,3,3.04137,2.59309,3.93232,2.5079,2.31842,2.56005,104116
extrema-ascending,2,current,3,2.04588,1.88909,2.11139,1.72519,1.72149,1.76242,81600
extrema-ascending,4,baseline,3,2.28658,2.13263,2.4242,2.2166,2.13217,2.35201,169960
extrema-ascending,4,current,3,2.16914,1.45873,2.4857,1.16652,1.14656,1.19154,102392
extrema-ascending,8,baseline,3,3.08439,3.02851,3.40734,2.98888,2.61474,3.5368,301004
extrema-ascending,8,current,3,1.85671,1.72491,2.04914,1.67799,1.63685,1.91026,143312
extrema-ascending,16,baseline,3,3.92123,3.75819,4.44543,4.52617,4.51516,5.31858,534580
extrema-ascending,16,current,3,1.2683,1.21094,1.27509,1.17694,1.09527,1.22078,225116
extrema-ascending,default,baseline,3,4.23311,4.21215,4.27085,6.10258,5.81711,6.41439,794760
extrema-ascending,default,current,3,1.0464,0.967491,1.20658,0.868351,0.863381,0.881074,348664
extrema-descending,1,baseline,3,3.38991,3.36507,3.53528,3.22927,3.21925,3.23894,71540
extrema-descending,1,current,3,2.87589,2.83876,3.25107,2.63973,2.63169,2.86274,71404
extrema-descending,2,baseline,3,2.73192,2.43011,3.64605,2.52471,2.35213,3.15343,104196
extrema-descending,2,current,3,1.88323,1.87275,1.95572,1.72362,1.71832,1.77702,81528
extrema-descending,4,baseline,3,2.06746,2.0308,2.92053,2.18712,2.06478,3.16339,169752
extrema-descending,4,current,3,1.44941,1.27322,3.97486,1.18055,1.15318,3.5676,102352
extrema-descending,8,baseline,3,2.89646,2.71348,3.33827,3.17282,3.05109,3.20972,300960
extrema-descending,8,current,3,1.70876,1.61579,1.7431,1.67685,1.65468,1.78523,143164
extrema-descending,16,baseline,3,4.09425,3.93665,4.36279,4.60629,4.51853,4.93197,534540
extrema-descending,16,current,3,1.27277,1.25175,1.27501,1.14005,1.13301,1.19959,225548
extrema-descending,default,baseline,3,4.52268,4.14797,5.49378,6.62991,5.99207,7.19592,809772
extrema-descending,default,current,3,1.06272,1.04293,1.14043,0.876969,0.866042,0.878467,348864
few-groups-indexed,1,baseline,3,5.99536,5.96797,6.0196,4.6202,4.55516,4.64602,89996
few-groups-indexed,1,current,3,3.3464,3.33991,3.34916,2.05806,2.04406,2.0744,89760
few-groups-indexed,2,baseline,3,5.95571,5.89739,5.96376,4.5458,4.52129,4.54982,100268
few-groups-indexed,2,current,3,3.06253,3.03546,3.16216,1.87888,1.85217,1.90965,100268
few-groups-indexed,4,baseline,3,6.13421,5.86602,6.33357,4.51822,4.36156,4.61871,120812
few-groups-indexed,4,current,3,2.1898,2.1606,2.20467,1.17665,1.15011,1.1793,118776
few-groups-indexed,8,baseline,3,6.04176,5.9853,6.15727,4.64484,4.63999,4.66726,161616
few-groups-indexed,8,current,3,1.80577,1.77276,2.12107,0.870466,0.861497,0.913653,159824
few-groups-indexed,16,baseline,3,5.99585,5.94334,6.38565,4.61042,4.54979,4.84947,243332
few-groups-indexed,16,current,3,1.90982,1.84049,2.00853,0.568754,0.564704,0.589318,241800
few-groups-indexed,default,baseline,3,5.98679,5.97344,6.14501,4.52825,4.50444,4.63946,366844
few-groups-indexed,default,current,3,2.43956,2.38993,2.46922,0.520441,0.51631,0.542591,364324
hot-top-ascending,1,baseline,3,6.48883,6.41726,7.00308,5.46408,5.35176,5.59219,87680
hot-top-ascending,1,current,3,6.4908,6.40213,6.50064,5.45879,5.3316,5.54858,87724
hot-top-ascending,2,baseline,3,6.56757,6.47392,6.72677,5.45993,5.43273,5.47648,97964
hot-top-ascending,2,current,3,4.39526,4.37539,4.57255,3.3636,3.34153,3.74333,98204
hot-top-ascending,4,baseline,3,6.54291,6.46828,7.53593,5.49,5.43781,5.49197,118492
hot-top-ascending,4,current,3,1.95262,1.95144,1.95934,1.85957,1.84871,1.93511,102392
hot-top-ascending,8,baseline,3,6.54538,6.44399,7.12781,5.42479,5.39737,5.44684,159588
hot-top-ascending,8,current,3,1.42755,1.36321,1.4566,1.26223,1.23669,1.29956,143256
hot-top-ascending,16,baseline,3,6.53214,6.484,6.77242,5.41547,5.34789,5.41949,241476
hot-top-ascending,16,current,3,1.00312,1.0031,1.04517,1.89236,0.854482,2.45642,225152
hot-top-ascending,default,baseline,3,6.89492,6.58459,7.30882,5.56718,5.39862,5.56836,364788
hot-top-ascending,default,current,3,1.12988,0.949853,1.77822,0.707745,0.707485,0.743113,348428
guid-key,1,baseline,3,12.2,12.1795,12.5325,10.5982,10.5435,10.6069,122652
guid-key,1,current,3,12.0548,11.9725,12.1173,10.381,10.3728,10.6356,122472
guid-key,2,baseline,3,12.3491,12.2132,13.3348,10.5772,10.5384,10.6111,133016
guid-key,2,current,3,7.94871,7.80119,8.24976,6.35551,6.34826,6.70252,133092
guid-key,4,baseline,3,12.2492,12.2215,12.2891,10.4815,10.4289,10.5232,153308
guid-key,4,current,3,4.99184,4.98832,5.94373,3.57233,3.56494,4.14689,153808
guid-key,8,baseline,3,12.3321,12.1412,12.4517,10.4269,10.4191,10.7693,194672
guid-key,8,current,3,4.30562,4.23139,4.38613,2.86928,2.82109,3.73389,194564
guid-key,16,baseline,3,12.3778,12.2998,12.8577,10.651,10.4809,10.6658,276748
guid-key,16,current,3,4.47603,4.32357,5.25472,3.51649,3.33811,3.519,276576
guid-key,default,baseline,3,12.2961,12.2158,12.807,10.5649,10.5049,11.2274,399608
guid-key,default,current,3,6.41645,6.22811,7.58736,3.41123,2.4883,3.43019,399600
list-key,1,baseline,3,28.5781,28.5047,28.6076,27.719,27.702,28.5886,102260
list-key,1,current,3,17.4964,17.4506,17.9354,16.4778,16.3607,16.7404,102052
list-key,2,baseline,3,28.7125,28.6665,29.093,27.9127,27.6624,28.6181,112488
list-key,2,current,3,10.2222,9.96359,10.6174,9.46572,9.45997,9.57128,106676
list-key,4,baseline,3,28.9564,28.6644,29.0267,27.786,27.6141,28.2286,133084
list-key,4,current,3,5.62812,5.45003,5.80976,5.2121,5.15615,5.21519,127064
list-key,8,baseline,3,28.6493,28.5577,28.9909,27.6971,27.4708,28.2139,173880
list-key,8,current,3,3.92301,3.81113,4.30962,4.22985,3.57356,4.44095,168272
list-key,16,baseline,3,28.6965,28.6555,29.4955,28.1876,27.7391,28.332,255932
list-key,16,current,3,3.3325,3.22709,3.47799,3.90252,3.85591,3.96521,249876
list-key,default,baseline,3,28.6844,28.4818,28.9603,27.6108,27.54,28.4327,379096
list-key,default,current,3,3.93357,3.35385,4.17484,3.47294,3.04952,3.55847,373136
unique-keys,1,baseline,3,29.6402,29.579,30.0137,26.4588,26.1235,26.5839,136828
unique-keys,1,current,3,10.0799,10.0205,10.6174,6.88814,6.7737,6.99196,136896
unique-keys,2,baseline,3,43.4711,43.246,43.8923,40.3277,40.3051,40.6462,202352
unique-keys,2,current,3,9.26846,9.21047,9.97183,6.8986,6.73389,7.20798,147660
unique-keys,4,baseline,3,24.1966,23.8235,25.6993,21.9912,21.9484,23.2024,219084
unique-keys,4,current,3,7.32219,6.51947,8.6039,4.00763,3.93813,4.31389,167976
unique-keys,8,baseline,3,15.8179,15.2311,16.6936,13.533,13.2844,14.769,351916
unique-keys,8,current,3,5.8651,5.85696,8.12761,3.48038,2.69544,3.85319,208744
unique-keys,16,baseline,3,11.7102,11.6309,12.0531,10.4516,10.0002,13.491,612108
unique-keys,16,current,3,6.01959,5.79598,6.94661,1.95173,1.87426,2.03558,290752
unique-keys,default,baseline,3,14.4856,12.4895,26.378,12.7292,12.2261,12.7459,964720
unique-keys,default,current,3,11.5631,10.1707,11.5848,1.68482,1.6254,1.74785,413976
nonnull,1,baseline,3,4.7311,4.68676,4.747,4.46987,4.46823,4.54566,71188
nonnull,1,current,3,3.24234,3.23433,3.52642,3.04121,3.02813,3.21547,71312
nonnull,2,baseline,3,3.04118,2.98204,3.37428,2.89852,2.76934,3.10586,97996
nonnull,2,current,3,2.05505,2.04748,3.74025,1.87854,1.87817,1.95556,96004
nonnull,4,baseline,3,2.52866,2.30443,3.43702,2.21395,2.20283,2.96056,151032
nonnull,4,current,3,2.30842,2.29938,2.34463,1.21584,1.21474,1.23641,120828
nonnull,8,baseline,3,2.43849,2.09401,2.81597,2.2154,2.07306,3.11599,257860
nonnull,8,current,3,3.08832,3.05349,3.4422,2.26541,2.03653,2.37882,165772
nonnull,16,baseline,3,8.63348,8.50407,8.72558,8.36102,8.25975,8.47231,579636
nonnull,16,current,3,2.9344,2.92231,3.75248,1.26953,1.23356,3.52035,247908
nonnull,default,baseline,3,6.60631,6.35445,6.65016,7.54812,7.46349,7.64283,750176
nonnull,default,current,3,3.27831,3.06826,3.74084,1.0205,0.852875,1.74056,370928
hot-min-ascending,1,baseline,3,2.10033,2.01881,2.18734,1.9169,1.90351,1.92516,71288
hot-min-ascending,1,current,3,1.89773,1.88412,1.94089,1.78377,1.78139,1.79264,71508
hot-min-ascending,2,baseline,3,1.52843,1.51639,1.6042,1.44948,1.33911,1.48709,98184
hot-min-ascending,2,current,3,1.1433,1.05802,1.1484,1.14006,0.986639,1.14551,81468
hot-min-ascending,4,baseline,3,1.35078,1.2575,1.39309,1.04878,1.04534,1.05042,151272
hot-min-ascending,4,current,3,0.686714,0.669651,0.735799,0.581504,0.572996,0.610335,102644
hot-min-ascending,8,baseline,3,1.41388,1.09917,1.71704,1.77402,1.25957,2.36513,257996
hot-min-ascending,8,current,3,0.654384,0.601682,0.655432,0.571698,0.504951,0.591052,143400
hot-min-ascending,16,baseline,3,9.06161,7.7688,12.593,8.86125,8.65153,8.87642,561428
hot-min-ascending,16,current,3,0.864704,0.815112,0.980808,0.802738,0.777171,0.850814,225824
hot-min-ascending,default,baseline,3,9.49716,8.08885,11.1044,11.0067,10.3978,12.06,901460
hot-min-ascending,default,current,3,0.931431,0.903993,0.955579,0.984882,0.928962,1.63423,348544
hot-min-descending,1,baseline,3,2.02675,2.02628,2.07427,1.90014,1.8962,1.90188,71512
hot-min-descending,1,current,3,1.33214,1.29307,1.36954,1.18969,1.17702,1.18985,71484
hot-min-descending,2,baseline,3,1.5589,1.52288,1.63303,1.3783,1.3712,1.40424,97800
hot-min-descending,2,current,3,1.22448,0.885741,1.8438,0.772283,0.770806,1.70229,81332
hot-min-descending,4,baseline,3,1.28845,1.25471,2.1106,1.06493,1.05215,1.80985,151316
hot-min-descending,4,current,3,0.633555,0.605494,1.1537,0.53381,0.521832,1.03923,102324
hot-min-descending,8,baseline,3,1.60162,1.45297,1.62715,1.69214,1.67797,1.87922,257772
hot-min-descending,8,current,3,2.07263,1.59021,2.33359,0.907164,0.490387,1.08959,161424
hot-min-descending,16,baseline,3,7.87184,7.6375,8.13332,9.22598,8.5542,9.32004,559112
hot-min-descending,16,current,3,1.28265,1.22845,1.33316,1.13693,1.12463,2.51751,225460
hot-min-descending,default,baseline,3,9.08689,8.23932,9.35328,11.3575,10.1932,11.8902,887344
hot-min-descending,default,current,3,1.06493,0.926271,1.22099,1.08939,0.752178,1.48101,348372
all-null-key,1,baseline,3,4.6336,4.60015,4.74542,4.58507,4.55659,4.62514,71188
all-null-key,1,current,3,3.32891,3.32574,3.37525,3.25867,3.25832,3.27252,71156
all-null-key,2,baseline,3,2.56859,2.56339,4.13873,2.88652,2.51289,3.3168,81568
all-null-key,2,current,3,1.71474,1.71352,1.75863,1.64174,1.638,1.64881,81596
all-null-key,4,baseline,3,1.78194,1.52664,1.96676,1.5862,1.45488,2.04971,102020
all-null-key,4,current,3,0.918424,0.909729,1.13252,0.84608,0.842217,1.06143,101996
all-null-key,8,baseline,3,1.47587,1.27838,1.48863,1.43693,1.42345,1.46361,143084
all-null-key,8,current,3,0.701961,0.681065,0.769842,0.648296,0.613899,0.687223,143144
all-null-key,16,baseline,3,1.13356,1.12359,1.15859,1.00634,0.991283,1.04164,225220
all-null-key,16,current,3,0.521325,0.493703,0.529012,0.426945,0.41928,0.42878,225360
all-null-key,default,baseline,3,1.07503,1.04609,1.22099,0.877624,0.8271,0.911798,348132
all-null-key,default,current,3,0.479379,0.467327,0.523055,0.318552,0.291159,0.333799,348264
distinct-skew,1,baseline,3,47.6942,46.9171,48.8504,44.8692,43.4344,45.1418,200596
distinct-skew,1,current,3,37.2141,36.294,37.6033,32.4817,32.4428,32.5573,200612
distinct-skew,2,baseline,3,23.702,22.3566,25.9816,17.9789,17.4007,18.854,312616
distinct-skew,2,current,3,13.2956,13.2258,13.8722,10.9004,10.887,11.3594,149800
distinct-skew,4,baseline,3,18.7475,17.9998,18.8541,14.4707,13.9583,14.5638,402900
distinct-skew,4,current,3,7.41474,7.32909,7.863,6.08735,5.99904,6.20347,213540
distinct-skew,8,baseline,3,17.6094,16.8823,18.2272,12.7972,12.0645,13.1846,443680
distinct-skew,8,current,3,5.13673,4.92876,5.23929,4.53824,4.12046,4.791,268400
distinct-skew,16,baseline,3,14.5635,14.0961,15.9869,14.2035,13.6886,14.3769,730812
distinct-skew,16,current,3,3.84152,3.53751,4.02729,3.27338,3.12063,3.38066,335572
distinct-skew,default,baseline,3,13.6281,13.3844,14.0136,15.5849,14.471,15.9919,974484
distinct-skew,default,current,3,3.41287,3.39343,3.44794,3.24472,2.91917,3.36671,446976
distinct-correlated,1,baseline,3,19.4079,19.2166,19.5469,16.5686,16.4212,16.71,122688
distinct-correlated,1,current,3,17.8768,17.6647,18.4107,14.8402,14.7921,15.0395,122316
distinct-correlated,2,baseline,3,14.0077,13.8806,14.134,11.2594,11.2289,11.3219,180944
distinct-correlated,2,current,3,10.6488,10.6208,10.8761,7.03594,6.91663,7.20185,120908
distinct-correlated,4,baseline,3,11.0704,11.0486,12.318,9.10167,9.01315,9.14151,195704
distinct-correlated,4,current,3,6.06214,5.85147,6.21874,4.01093,3.97445,4.21614,138924
distinct-correlated,8,baseline,3,10.8456,10.4552,11.657,8.74862,8.73451,9.71494,318580
distinct-correlated,8,current,3,4.23812,4.11411,4.40419,3.04894,2.98426,3.1183,181548
distinct-correlated,16,baseline,3,9.94291,9.81143,10.1455,9.87509,9.86894,10.2376,576668
distinct-correlated,16,current,3,3.15805,3.08954,3.62826,2.34776,2.13344,2.5223,254032
distinct-correlated,default,baseline,3,9.71213,9.2374,10.9617,11.7109,10.0525,15.0519,732912
distinct-correlated,default,current,3,3.00076,2.97722,4.35613,2.14946,2.10034,3.74601,378336
symbol-extrema,1,baseline,3,41.0333,40.7659,47.1616,39.775,39.5676,40.068,97844
symbol-extrema,1,current,3,37.8045,37.799,38.6658,36.7719,36.5507,37.8536,97960
symbol-extrema,2,baseline,3,40.412,40.1362,40.5972,39.9525,39.7878,40.4722,108468
symbol-extrema,2,current,3,21.8738,21.6958,21.9904,21.4849,21.1942,21.6756,108460
symbol-extrema,4,baseline,3,40.1422,39.7892,43.1942,39.4974,39.0043,40.2334,128704
symbol-extrema,4,current,3,12.9117,12.8555,13.2061,12.161,11.8517,12.4546,129252
symbol-extrema,8,baseline,3,40.4791,40.201,40.8652,40.1461,39.3911,40.215,169800
symbol-extrema,8,current,3,8.13755,7.66732,9.05482,6.9806,6.74345,7.4223,170088
symbol-extrema,16,baseline,3,40.4323,40.15,40.504,39.467,38.9603,39.4955,251696
symbol-extrema,16,current,3,5.91175,5.76288,6.03836,4.75553,4.68189,5.25911,251772
symbol-extrema,default,baseline,3,40.408,39.3358,40.7537,39.5075,39.0999,39.7677,375040
symbol-extrema,default,current,3,5.56275,5.20886,7.6438,3.53483,3.51696,4.38378,374980
symbol-top-bottom,1,baseline,3,44.8585,44.6268,45.1733,44.7002,44.3807,44.8852,116612
symbol-top-bottom,1,current,3,42.6307,41.6062,42.8953,41.5737,41.301,41.7879,116624
symbol-top-bottom,2,baseline,3,44.9199,44.7225,44.9581,44.2883,44.1303,45.1052,126884
symbol-top-bottom,2,current,3,24.7041,24.5799,24.7098,24.2305,24.1145,24.2542,137336
symbol-top-bottom,4,baseline,3,45.1518,44.7154,45.2774,44.7899,44.3244,44.8146,147236
symbol-top-bottom,4,current,3,15.6763,15.2634,15.9936,13.555,13.5141,13.8668,157648
symbol-top-bottom,8,baseline,3,45.5907,44.8602,46.2775,44.419,43.762,44.4233,188320
symbol-top-bottom,8,current,3,8.8065,8.18955,9.70939,7.27161,7.26476,7.39841,184488
symbol-top-bottom,16,baseline,3,45.0791,45.045,45.1573,44.3709,43.9636,44.7913,270604
symbol-top-bottom,16,current,3,6.20154,6.16485,10.4932,5.41357,5.33318,6.04485,264056
symbol-top-bottom,default,baseline,3,45.4788,44.759,45.5741,44.8267,44.1388,46.335,393472
symbol-top-bottom,default,current,3,6.26553,5.88935,6.41518,4.06523,3.96073,4.23293,375056
distinct-string-values,1,current,3,24.7721,23.6088,26.5502,22.6242,22.5172,23.0556,122520
distinct-string-values,2,current,3,17.9503,17.5349,20.9146,16.1532,16.0199,16.4279,139444
distinct-string-values,4,current,3,10.9113,10.8057,11.1119,9.71107,9.57545,9.71536,159988
distinct-string-values,8,current,3,7.62357,7.33463,8.30061,5.84021,5.81017,6.12896,200892
distinct-string-values,16,current,3,6.0254,5.87153,6.0844,4.61,4.55364,4.72661,282636
distinct-string-values,default,current,3,6.62956,6.34947,8.15842,3.86895,3.86835,4.83291,405456
distinct-string-keys,1,baseline,3,41.5433,41.5412,41.5567,41.7547,41.7152,41.9072,118652
distinct-string-keys,1,current,3,18.4935,18.0251,18.7486,17.0737,16.7448,17.6292,122464
distinct-string-keys,2,baseline,3,25.1688,24.8808,25.4284,23.0466,23.0022,24.0792,204456
distinct-string-keys,2,current,3,10.7984,10.4743,10.8545,9.35215,9.12687,9.40441,139164
distinct-string-keys,4,baseline,3,14.032,13.9244,14.4993,12.1215,12.0208,12.3278,215312
distinct-string-keys,4,current,3,6.01917,6.00005,6.31746,4.76467,4.73805,4.76617,159932
distinct-string-keys,8,baseline,3,10.3162,9.90708,11.6491,8.02427,8.001,9.43312,353820
distinct-string-keys,8,current,3,4.26088,4.14319,4.34043,2.90095,2.79206,2.91677,200784
distinct-string-keys,16,baseline,3,10.872,10.7947,14.6288,9.78294,8.33822,13.4506,604508
distinct-string-keys,16,current,3,3.71464,3.68038,3.75207,2.06875,1.92032,2.25365,282424
distinct-string-keys,default,baseline,3,10.1351,8.89935,10.4836,7.79381,7.6398,8.47767,680344
distinct-string-keys,default,current,3,4.91009,4.72692,5.02761,2.15785,2.03849,2.20752,406036
mixed-distinct-string-keys,1,baseline,3,45.6763,45.1685,46.6385,45.7313,45.5612,46.0284,118632
mixed-distinct-string-keys,1,current,3,34.5856,34.3201,36.8621,33.1056,32.6889,33.4027,128668
mixed-distinct-string-keys,2,baseline,3,27.5811,27.5708,27.8311,25.9521,25.8778,25.9526,208816
mixed-distinct-string-keys,2,current,3,18.5357,18.5019,19.0066,17.3809,16.8728,17.7442,143248
mixed-distinct-string-keys,4,baseline,3,15.2899,15.2759,15.5771,13.6667,13.52,13.8752,225272
mixed-distinct-string-keys,4,current,3,10.6384,10.5762,11.6511,9.06558,9.05934,9.23604,172180
mixed-distinct-string-keys,8,baseline,3,12.3763,11.4782,13.0266,9.35868,9.18378,10.3306,352180
mixed-distinct-string-keys,8,current,3,7.5317,7.00763,8.14177,5.77774,5.77045,6.17924,229136
mixed-distinct-string-keys,16,baseline,3,10.3586,10.0994,11.2494,10.0491,9.52677,10.2648,604292
mixed-distinct-string-keys,16,current,3,6.44691,6.30155,6.64367,4.38426,4.28628,4.76635,336284
mixed-distinct-string-keys,default,baseline,3,11.4748,11.3467,12.8836,9.87893,9.12835,10.9854,670596
mixed-distinct-string-keys,default,current,3,7.59929,7.57287,8.82422,3.98656,3.87189,4.49318,479532
distinct-guid-keys,1,baseline,3,33.6673,33.6576,33.6753,32.4734,32.2687,32.5955,122496
distinct-guid-keys,1,current,3,9.96666,9.64272,10.1485,8.60285,8.50079,8.63801,116388
distinct-guid-keys,2,baseline,3,30.182,29.764,30.5848,28.3754,28.3125,28.4328,136852
distinct-guid-keys,2,current,3,6.82722,6.81409,6.90366,5.48183,5.48105,5.49791,132956
distinct-guid-keys,4,baseline,3,29.8167,29.538,30.4067,28.3717,27.9302,28.7674,165188
distinct-guid-keys,4,current,3,4.32987,4.10201,4.46243,2.89339,2.82945,2.94159,153440
distinct-guid-keys,8,baseline,3,29.6489,29.632,29.9089,28.2333,28.1691,28.5008,218464
distinct-guid-keys,8,current,3,3.57028,2.88741,4.16784,2.23104,1.68548,2.6972,194440
distinct-guid-keys,16,baseline,3,30.0763,29.6714,30.1711,28.5443,28.4685,28.5578,321368
distinct-guid-keys,16,current,3,2.85187,2.76213,2.89414,1.38915,1.36934,1.41879,276600
distinct-guid-keys,default,baseline,3,30.4271,30.0246,30.7501,28.5347,28.4832,29.0414,484876
distinct-guid-keys,default,current,3,4.43984,4.23314,4.6431,1.5573,1.52597,1.63321,399592
mixed-distinct-guid-keys,1,baseline,3,38.4166,38.3643,39.5123,37.3888,37.1019,37.9339,122332
mixed-distinct-guid-keys,1,current,3,38.3746,38.218,38.4103,37.0938,36.9797,37.2945,122752
mixed-distinct-guid-keys,2,baseline,3,34.4285,33.7472,34.6046,32.7385,32.374,32.9263,137012
mixed-distinct-guid-keys,2,current,3,33.9859,33.9681,34.296,32.4284,32.3995,32.5025,137128
mixed-distinct-guid-keys,4,baseline,3,33.0614,32.8766,33.2488,31.5332,31.4555,34.4085,165780
mixed-distinct-guid-keys,4,current,3,9.08906,8.34575,9.64574,7.19064,7.03174,7.75591,196840
mixed-distinct-guid-keys,8,baseline,3,33.0681,32.7555,33.2356,31.3064,31.1835,31.623,218672
mixed-distinct-guid-keys,8,current,3,8.05612,7.54395,8.88794,6.52531,6.25912,6.81776,253780
mixed-distinct-guid-keys,16,baseline,3,33.1666,33.0863,33.2478,31.3138,31.177,31.3946,321572
mixed-distinct-guid-keys,16,current,3,8.04187,7.75507,8.76174,6.61345,6.18355,6.69017,348540
mixed-distinct-guid-keys,default,baseline,3,33.394,32.9775,36.7669,31.6678,31.5408,31.6919,472844
mixed-distinct-guid-keys,default,current,3,8.61138,8.29645,8.72408,6.40043,6.24658,6.47771,495532
distinct-list-keys,1,current,3,15.3184,14.9886,15.5795,14.529,14.3969,14.7429,95908
distinct-list-keys,2,current,3,8.68034,8.54941,10.5517,8.26722,8.23567,8.29569,106684
distinct-list-keys,4,current,3,4.63271,4.58201,4.70412,4.36086,4.32082,4.36866,126976
distinct-list-keys,8,current,3,2.69204,2.66019,3.12941,2.55147,2.41378,2.90671,167964
distinct-list-keys,16,current,3,2.31029,2.13667,2.31108,1.81088,1.68882,1.8544,249948
distinct-list-keys,default,current,3,2.43188,2.30428,2.53326,1.79465,1.74836,1.88295,372900
mixed-distinct-list-keys,1,current,3,39.6345,39.3106,40.2314,38.8652,38.6675,38.9699,97844
mixed-distinct-list-keys,2,current,3,34.9434,34.5236,34.9619,34.1827,33.8995,34.1907,110200
mixed-distinct-list-keys,4,current,3,8.98547,8.92028,9.13603,8.69098,8.54036,10.0254,169940
mixed-distinct-list-keys,8,current,3,8.55996,7.39372,8.72187,7.23911,7.21227,7.92788,223224
mixed-distinct-list-keys,16,current,3,7.42832,7.08058,11.2658,6.93456,6.8457,7.34852,325508
mixed-distinct-list-keys,default,current,3,8.37248,7.2038,9.84433,7.06508,6.67263,7.33715,475620
mixed-distinct-string-values,1,current,3,27.4406,26.9611,28.1333,26.6386,26.6267,27.1531,118712
mixed-distinct-string-values,2,current,3,68.2319,65.524,74.3371,43.7209,41.8951,51.925,256676
mixed-distinct-string-values,4,current,3,58.9468,57.2142,59.66,36.243,36.2231,37.2032,275260
mixed-distinct-string-values,8,current,3,57.0662,55.8478,57.3917,33.3378,33.2214,33.7213,324652
mixed-distinct-string-values,16,current,3,58.7165,56.6158,62.2679,33.644,33.3806,34.8989,408648
mixed-distinct-string-values,default,current,3,59.0823,58.1561,59.3081,33.4909,32.5972,37.1548,531884
hot-first-last,1,baseline,3,7.22266,7.05751,7.468,6.4311,6.38242,6.52029,97472
hot-first-last,1,current,3,4.90184,4.6507,5.29784,3.95316,3.85111,4.12289,98124
hot-first-last,2,baseline,3,7.2144,7.09483,7.3207,6.39783,6.3552,6.45758,108468
hot-first-last,2,current,3,3.40796,3.38333,3.4213,2.60454,2.5684,2.6234,108472
hot-first-last,4,baseline,3,7.10673,7.08013,7.1143,6.41939,6.38769,6.45304,128860
hot-first-last,4,current,3,2.31233,1.88405,2.4205,1.62736,1.51389,1.80784,120780
hot-first-last,8,baseline,3,11.2404,7.07912,12.5969,6.60562,6.37159,6.75164,170044
hot-first-last,8,current,3,1.5913,1.42756,1.75276,1.02274,0.934397,1.03338,161644
hot-first-last,16,baseline,3,7.11789,7.10742,8.08643,6.41233,6.38964,6.63415,251712
hot-first-last,16,current,3,1.47055,1.40929,1.50707,0.638797,0.617783,0.652704,243976
hot-first-last,default,baseline,3,7.15598,7.12006,7.27426,6.43027,6.41115,6.46147,375036
hot-first-last,default,current,3,1.98426,1.88684,1.98958,0.522853,0.514288,0.534747,366768
hot-symbol-extrema,1,baseline,3,36.7654,36.7501,37.1474,36.8268,35.5794,37.6538,97652
hot-symbol-extrema,1,current,3,36.7711,35.7294,37.0705,35.8507,35.1418,36.2951,97960
hot-symbol-extrema,2,baseline,3,36.5565,34.4232,37.0251,36.5682,34.5781,36.7312,108180
hot-symbol-extrema,2,current,3,19.2371,18.9728,19.3723,19.2321,18.8908,19.335,108460
hot-symbol-extrema,4,baseline,3,35.7848,35.6415,37.6567,36.0413,35.0077,36.5374,128848
hot-symbol-extrema,4,current,3,9.9174,9.70288,11.4565,9.9519,9.63371,10.1656,120532
hot-symbol-extrema,8,baseline,3,35.0526,34.9126,37.939,35.4028,34.3768,36.4096,169776
hot-symbol-extrema,8,current,3,5.75644,5.11941,5.97764,5.51412,5.04017,5.8778,161748
hot-symbol-extrema,16,baseline,3,35.8033,35.7772,36.1598,36.3214,34.8158,36.5235,251608
hot-symbol-extrema,16,current,3,3.36788,3.3539,6.13211,3.2591,3.22633,6.73857,243808
hot-symbol-extrema,default,baseline,3,36.5745,35.312,37.1546,34.684,34.3118,36.0633,374996
hot-symbol-extrema,default,current,3,2.51402,2.51127,2.68515,2.23511,2.16482,2.26153,366988
hot-wide-extrema,1,baseline,3,20.8568,20.6442,20.9958,19.8838,19.8548,19.9778,118408
hot-wide-extrema,1,current,3,20.4131,20.4074,24.4727,19.7131,19.6837,19.9748,118700
hot-wide-extrema,2,baseline,3,21.0148,20.4367,21.1465,19.7531,19.5662,20.0278,128672
hot-wide-extrema,2,current,3,12.0323,12.004,12.2385,11.2217,11.1021,11.2918,128656
hot-wide-extrema,4,baseline,3,20.6611,20.5422,21.5081,19.6886,19.4629,19.915,149476
hot-wide-extrema,4,current,3,5.78988,5.75804,5.83392,5.78168,5.71832,5.98295,133116
hot-wide-extrema,8,baseline,3,20.4403,20.1035,21.054,19.8857,19.6112,20.1305,190072
hot-wide-extrema,8,current,3,3.81712,3.69759,3.96354,3.48934,3.45653,3.61386,174172
hot-wide-extrema,16,baseline,3,20.6044,20.6024,20.7051,19.6977,19.6188,19.8192,271716
hot-wide-extrema,16,current,3,2.34993,2.29615,2.37748,2.13948,2.05226,2.15652,255776
hot-wide-extrema,default,baseline,3,20.6298,20.2484,20.7754,19.5673,19.3378,19.7261,395440
hot-wide-extrema,default,current,3,1.97412,1.81018,2.09271,1.66725,1.6533,1.71853,378888
hot-mode,1,baseline,3,30.1013,29.254,33.9426,11.3588,11.3046,12.9485,171488
hot-mode,1,current,3,29.6985,28.5663,29.8653,11.6987,11.6009,12.1932,171692
hot-mode,2,baseline,3,29.4464,29.1782,30.3744,11.6887,11.4531,11.8811,181756
hot-mode,2,current,3,6.41585,6.40386,6.72584,5.2311,5.23065,5.35867,100108
hot-mode,4,baseline,3,29.2682,29.2572,30.2379,11.5045,11.3566,11.5866,202540
hot-mode,4,current,3,4.0313,3.91983,5.05411,2.84649,2.8137,3.06826,118512
hot-mode,8,baseline,3,29.4812,27.6418,29.8645,11.3722,11.3378,11.6437,243316
hot-mode,8,current,3,3.20962,3.12196,3.25133,2.0188,1.78291,2.09653,159536
hot-mode,16,baseline,3,29.2706,29.0321,29.8639,11.4351,11.4084,11.5489,325212
hot-mode,16,current,3,2.93008,2.90093,2.94339,1.31011,1.15565,1.31152,241672
hot-mode,default,baseline,3,29.8892,29.34,29.9135,11.6071,11.3091,11.7693,448564
hot-mode,default,current,3,4.06132,3.92369,4.16111,0.95787,0.95173,1.06512,364752
hot-wide-mode,1,baseline,3,32.5356,31.0281,32.6752,14.6557,14.1247,14.6845,199904
hot-wide-mode,1,current,3,32.4985,32.4277,32.5877,14.5842,14.5724,14.6323,200204
hot-wide-mode,2,baseline,3,32.5802,32.0884,33.058,14.7583,14.5465,14.801,210392
hot-wide-mode,2,current,3,8.52293,8.50304,8.55364,7.69489,7.51732,7.72107,128696
hot-wide-mode,4,baseline,3,31.317,30.8188,33.5811,14.6251,14.5325,14.6632,230960
hot-wide-mode,4,current,3,5.42716,4.09718,5.56271,4.20046,3.95333,4.21461,133100
hot-wide-mode,8,baseline,3,32.7349,32.6367,32.8864,14.5993,14.5423,14.792,271748
hot-wide-mode,8,current,3,2.91457,2.502,2.92604,2.74973,2.66283,2.75315,174132
hot-wide-mode,16,baseline,3,32.6808,32.0968,32.9974,14.639,14.3992,14.7577,353796
hot-wide-mode,16,current,3,1.86591,1.84578,2.08781,1.58231,1.55487,1.74838,256208
hot-wide-mode,default,baseline,3,32.5331,31.0754,38.9744,14.5011,14.4852,14.6075,477508
hot-wide-mode,default,current,3,1.78723,1.74828,1.80537,1.33462,1.27956,1.34526,379332
hot-top-bottom,1,baseline,3,7.0034,6.9709,7.28101,5.84564,5.82726,6.04279,89480
hot-top-bottom,1,current,3,7.07838,7.06688,7.09078,5.8956,5.88215,5.93105,90024
hot-top-bottom,2,baseline,3,7.02895,7.00564,7.23232,5.85676,5.83647,5.94169,100024
hot-top-bottom,2,current,3,4.37139,4.25089,4.42225,3.04361,3.03747,3.10119,100256
hot-top-bottom,4,baseline,3,6.98248,6.98009,7.00753,5.82439,5.79792,5.8582,120544
hot-top-bottom,4,current,3,3.46288,3.31207,3.56089,1.78006,1.70377,1.94508,119040
hot-top-bottom,8,baseline,3,7.05093,7.02818,7.22846,5.82766,5.82575,5.88532,161620
hot-top-bottom,8,current,3,2.39499,2.25846,2.44669,1.16713,1.13617,1.28373,159844
hot-top-bottom,16,baseline,3,7.03134,7.01735,7.03937,5.86949,5.81656,5.88476,243572
hot-top-bottom,16,current,3,2.53506,2.49982,2.54988,0.760349,0.708671,1.14851,241624
hot-top-bottom,default,baseline,3,7.07908,7.04821,7.19724,5.91511,5.822,5.93561,366840
hot-top-bottom,default,current,3,3.71844,3.71663,3.82614,0.596478,0.581958,0.627966,365032
hot-wide-top-bottom,1,baseline,3,20.3386,19.7385,20.6514,19.1649,19.1572,19.5131,118412
hot-wide-top-bottom,1,current,3,19.6448,19.4851,20.892,18.5817,18.5256,18.6765,118368
hot-wide-top-bottom,2,baseline,3,20.4117,19.7142,20.755,19.3173,19.1806,19.3448,128836
hot-wide-top-bottom,2,current,3,13.641,13.5992,13.6472,12.5585,12.5571,12.7073,128720
hot-wide-top-bottom,4,baseline,3,20.7262,20.044,21.123,19.5601,19.2873,19.7085,149196
hot-wide-top-bottom,4,current,3,6.68548,6.67758,8.49809,6.70883,6.67965,6.71848,132988
hot-wide-top-bottom,8,baseline,3,20.754,20.5238,20.782,19.6756,19.3714,19.796,190524
hot-wide-top-bottom,8,current,3,4.55237,4.32465,4.93505,4.00361,3.42639,4.28298,174072
hot-wide-top-bottom,16,baseline,3,20.7293,20.2772,20.9994,19.5667,19.5415,20.2231,272164
hot-wide-top-bottom,16,current,3,2.66005,2.5971,2.93209,2.42385,2.37729,2.52256,256080
hot-wide-top-bottom,default,baseline,3,20.5829,20.296,20.6549,19.4403,19.0077,19.4673,395404
hot-wide-top-bottom,default,current,3,2.41158,2.35518,4.6519,1.9688,1.92294,7.29438,379116
hot-symbol-top-bottom,1,baseline,3,36.266,35.8275,37.6971,35.218,35.0327,35.9635,98188
hot-symbol-top-bottom,1,current,3,33.6495,32.9584,33.854,32.6892,32.5646,33.4863,98204
hot-symbol-top-bottom,2,baseline,3,35.0458,34.8773,36.1614,34.6868,34.4036,36.0246,108012
hot-symbol-top-bottom,2,current,3,21.1655,21.0096,21.4445,21.4905,20.7075,21.6006,108476
hot-symbol-top-bottom,4,baseline,3,35.3652,34.9362,35.5825,34.943,34.9308,35.272,128928
hot-symbol-top-bottom,4,current,3,10.7025,10.6907,10.9577,10.9562,10.7072,11.151,120836
hot-symbol-top-bottom,8,baseline,3,35.428,35.1928,36.2119,35.4155,34.8736,35.7062,170036
hot-symbol-top-bottom,8,current,3,6.52004,6.49472,7.041,6.32528,6.29809,6.34977,161848
hot-symbol-top-bottom,16,baseline,3,34.9139,34.7591,35.6998,35.1606,34.869,35.2681,252024
hot-symbol-top-bottom,16,current,3,3.67598,3.6305,3.69919,3.53686,3.53209,3.58558,243820
hot-symbol-top-bottom,default,baseline,3,36.9558,35.9029,37.1842,35.1127,34.5843,35.3479,374488
hot-symbol-top-bottom,default,current,3,2.76995,2.70573,2.86113,2.51339,2.48531,2.5424,367080
hot-max-k,1,baseline,3,7.48296,7.41609,7.57582,6.27485,6.23311,6.29447,89748
hot-max-k,1,current,3,7.48196,7.39949,7.8188,6.25782,6.20859,6.38802,89748
hot-max-k,2,baseline,3,7.43123,7.3853,8.10758,6.21493,6.17324,6.33207,100220
hot-max-k,2,current,3,4.68205,4.64968,4.89683,3.42121,3.37952,3.42565,100484
hot-max-k,4,baseline,3,7.37692,7.37072,7.66085,6.24646,6.19463,6.62668,120748
hot-max-k,4,current,3,3.72948,3.31038,3.8231,2.15343,2.0986,2.59319,118796
hot-max-k,8,baseline,3,7.35858,7.34104,7.38718,6.20951,6.19675,6.33646,161556
hot-max-k,8,current,3,2.75862,2.57841,3.02525,1.64979,1.34873,1.75225,159608
hot-max-k,16,baseline,3,7.42413,7.37321,7.43165,6.17476,6.14665,6.24003,243464
hot-max-k,16,current,3,2.90942,2.85297,3.00037,1.259,1.23225,1.34214,241516
hot-max-k,default,baseline,3,7.80593,7.45606,8.74446,6.20697,6.20697,6.25771,366620
hot-max-k,default,current,3,4.26021,4.20456,4.34291,1.24216,1.23266,1.30741,364532
